Age,AnnualSalary,CreditScore,Purchased
56,28392,617,1
46,50535,524,0
32,98603,533,1
25,133569,673,1
38,72256,771,1
56,109135,532,1
36,147478,412,1
40,55222,796,1
28,97373,741,1
28,99575,567,1
41,143684,809,1
53,116354,685,1
57,104651,686,1
41,83335,412,1
20,30965,380,0
39,44538,412,0
19,128066,301,0
41,90592,519,1
47,118018,524,1
55,133252,684,1
19,28110,702,0
38,99309,429,1
50,47266,352,0
29,72992,715,1
39,102948,546,1
42,142073,738,1
44,118806,502,1
59,26910,483,0
45,130989,422,1
33,110982,700,1
32,141626,593,1
20,139176,579,1
54,20206,497,0
24,107054,810,1
38,107897,443,1
26,142409,500,1
56,43419,423,0
35,70636,486,0
21,142546,625,1
42,134238,763,1
31,70015,648,1
26,137478,702,1
43,142096,645,1
19,127059,810,1
37,74268,446,0
45,130687,447,1
24,107939,788,1
25,38141,637,0
52,100356,772,1
31,125878,450,1
34,91910,714,1
53,76044,597,1
57,87214,562,1
21,137930,443,1
19,139324,645,1
23,53827,301,0
59,75820,603,1
21,82623,553,0
46,101734,752,1
35,95450,336,0
43,113426,459,1
51,137845,308,1
27,42299,532,0
53,63585,398,1
31,129225,507,1
48,84044,430,1
32,62557,703,1
25,69080,451,0
31,129556,353,1
40,22693,419,0
57,115003,719,1
38,115259,721,1
33,132235,403,1
35,89163,553,1
41,45939,526,0
43,68925,411,0
42,62941,809,1
58,41834,772,1
46,38047,398,0
32,46105,452,0
18,95766,637,1
42,35707,462,0
24,41976,460,0
26,64262,697,0
41,145117,576,1
18,43776,803,0
25,50080,691,0
41,148376,434,1
28,86842,494,0
34,81373,700,1
25,26776,332,0
52,112787,759,1
52,147948,769,1
50,75016,674,1
22,29474,321,0
59,125830,337,1
56,78053,529,1
58,41959,664,1
45,25530,737,1
24,114856,582,1
